{"stats":{"minecraft:used":{"minecraft:cooked_mutton":6,"minecraft:flint_and_steel":1,"minecraft:birch_planks":46,"minecraft:stone_shovel":21,"minecraft:stone_pickaxe":126,"minecraft:oak_planks":133,"minecraft:wooden_pickaxe":48,"minecraft:rotten_flesh":6,"minecraft:crafting_table":4,"charm:birch_chest":2,"minecraft:campfire":1,"minecraft:white_bed":2,"minecraft:birch_door":1,"minecraft:wooden_axe":55,"minecraft:iron_axe":196,"minecraft:iron_pickaxe":173,"adorn:guide_book":1,"minecraft:stone_axe":117,"charm:oak_chest":2,"minecraft:furnace":4},"minecraft:dropped":{"minecraft:stone_slab":2,"minecraft:stick":1},"minecraft:crafted":{"minecraft:oak_planks":204,"minecraft:stone_shovel":1,"minecraft:crafting_table":1,"minecraft:wooden_pickaxe":1,"modern_industrialization:tin_ingot":11,"minecraft:furnace":2,"charm:birch_chest":2,"charm:oak_chest":2,"minecraft:birch_planks":132,"minecraft:campfire":3,"minecraft:stone_axe":1,"minecraft:cooked_mutton":8,"minecraft:air":0,"techreborn:refined_iron_ingot":3,"minecraft:flint_and_steel":1,"kubejs:suspicious_object":1,"minecraft:iron_axe":1,"minecraft:stick":32,"minecraft:iron_ingot":10,"minecraft:iron_pickaxe":1,"minecraft:stone_pickaxe":1,"minecraft:wooden_axe":1,"techreborn:treetap":1,"minecraft:white_bed":1,"minecraft:birch_door":3,"minecraft:torch":32,"techreborn:rubber":11},"minecraft:killed":{"minecraft:spider":2,"minecraft:creeper":2,"minecraft:sheep":5,"minecraft:skeleton":6,"minecraft:zombie":5,"minecraft:enderman":1},"minecraft:mined":{"create:zinc_ore":6,"minecraft:white_bed":1,"botania:orange_mystical_flower":7,"minecraft:crafting_table":3,"minecraft:cornflower":6,"minecraft:grass_block":19,"modern_industrialization:lead_ore":1,"create:ochrum":1,"twigs:twig":3,"modern_industrialization:nickel_ore":2,"minecraft:stone_slab":2,"modern_industrialization:lignite_coal_ore":66,"minecraft:copper_ore":33,"blockus:marble":15,"minecraft:oak_planks":4,"techreborn:tin_ore":28,"minecraft:birch_planks":9,"byg:soapstone":40,"techreborn:rubber_leaves":40,"techreborn:silver_ore":1,"minecraft:furnace":3,"techreborn:ruby_ore":1,"techreborn:lead_ore":6,"minecraft:birch_log":250,"minecraft:iron_ore":10,"modern_industrialization:antimony_ore":2,"minecraft:lilac":8,"minecraft:birch_leaves":93,"minecraft:pumpkin":12,"minecraft:peony":15,"minecraft:grass":4,"minecraft:oak_log":51,"botania:white_mystical_flower":8,"minecraft:coal_ore":26,"techreborn:galena_ore":8,"minecraft:dirt":2,"minecraft:gravel":11,"minecraft:sand":9,"modern_industrialization:salt_ore":8,"powah:uraninite_ore_poor":2,"minecraft:pink_tulip":1,"modern_industrialization:tin_ore":14,"minecraft:stone":27,"botania:light_blue_mystical_flower":2,"minecraft:oak_leaves":280},"minecraft:broken":{"minecraft:stone_axe":1,"minecraft:wooden_axe":1},"minecraft:custom":{"minecraft:interact_with_furnace":30,"minecraft:mob_kills":21,"minecraft:interact_with_crafting_table":27,"minecraft:leave_game":3,"minecraft:time_since_death":60414,"minecraft:sleep_in_bed":4,"minecraft:time_since_rest":3265,"minecraft:sprint_one_cm":34160,"minecraft:damage_taken":600,"minecraft:walk_one_cm":231398,"minecraft:drop":2,"minecraft:damage_dealt":3886,"minecraft:fly_one_cm":55866,"minecraft:open_chest":36,"minecraft:crouch_one_cm":1940,"minecraft:play_time":60414,"minecraft:sneak_time":389,"minecraft:jump":651,"minecraft:walk_on_water_one_cm":1352,"minecraft:total_world_time":81824,"minecraft:fall_one_cm":14733},"minecraft:picked_up":{"minecraft:birch_log":2,"minecraft:crafting_table":3,"modern_industrialization:raw_antimony":1,"minecraft:lilac":7,"minecraft:stone_slab":2,"minecraft:birch_planks":6,"minecraft:flint":1,"minecraft:gunpowder":3,"minecraft:cornflower":6,"minecraft:string":2,"minecraft:dirt":21,"botania:light_blue_mystical_flower":2,"minecraft:cooked_mutton":2,"minecraft:bone":4,"blockus:marble":21,"twigs:twig":11,"minecraft:birch_sapling":22,"minecraft:oak_planks":4,"minecraft:furnace":3,"minecraft:stick":1,"minecraft:pumpkin":2,"minecraft:gravel":10,"minecraft:sand":9,"minecraft:white_bed":1,"minecraft:grass_block":1,"botania:white_mystical_flower":8,"minecraft:arrow":5,"minecraft:rotten_flesh":6,"minecraft:peony":15,"create:ochrum":1,"botania:orange_mystical_flower":7,"minecraft:pink_tulip":1,"minecraft:mutton":12,"minecraft:coal":14,"minecraft:white_wool":5,"minecraft:cobblestone":27}},"DataVersion":2975}